label,rq,a,b,median_dbar_norm,share_a_better,share_sig,median_p,t_panel,n_countries,median_q,share_sig_fdr
XM tirex2/ZS/cqr_static vs tirex2_cov/ZS/native,XM,tirex2/ZS/42/cqr_static,tirex2_cov/ZS/42/native,-6.135208681613998e-05,0.5,0.0,0.44969909438218103,0.7276867013863906,10,0.6934789259609309,0.0
XM tirex2/ZS/cqr_static vs lgbm/G/decay_ocp_cqr,XM,tirex2/ZS/42/cqr_static,lgbm/G/42/decay_ocp_cqr,-0.018493778773812957,0.9,0.2,0.6444574476675111,-2.0418578471561033,10,0.8071353306931519,0.2
XM tirex2/ZS/cqr_static vs tirex/ZS/native,XM,tirex2/ZS/42/cqr_static,tirex/ZS/42/native,-0.015393771148562635,0.7,0.2,0.384727508207394,-0.9394056071850331,10,0.639148019560906,0.1
XM tirex2/ZS/cqr_static vs lstm_const/G/agaci_cqr,XM,tirex2/ZS/42/cqr_static,lstm_const/G/43/agaci_cqr,-0.026786353585324423,0.9,0.2,0.39652576597872136,-1.9292521631839537,10,0.6459448893946681,0.1
XM tirex2/ZS/cqr_static vs lgbm_const/G/cqr_rolling,XM,tirex2/ZS/42/cqr_static,lgbm_const/G/42/cqr_rolling,-0.05373317228895791,1.0,0.3,0.22587848943143152,-2.546043595532387,10,0.49519149471880297,0.1
XM tirex2/ZS/cqr_static vs xlstm/L/native,XM,tirex2/ZS/42/cqr_static,xlstm/L/44/native,-0.057485497254650145,0.9,0.2,0.1841739231706946,-2.5899474390276644,10,0.4435992950101924,0.2
XM tirex2/ZS/cqr_static vs rw/L/aci_cqr,XM,tirex2/ZS/42/cqr_static,rw/L/42/aci_cqr,-0.04047755247760558,0.9,0.4,0.2872290502075753,-2.0147914876516455,10,0.5684980328891187,0.1
XM tirex2/ZS/cqr_static vs xlstm_const/L/spci_cqr,XM,tirex2/ZS/42/cqr_static,xlstm_const/L/42/spci_cqr,-0.11564190867716709,0.8,0.8,0.03759586870410625,-3.5488392200346968,10,0.18507611910300276,0.4
XM tirex2/ZS/cqr_static vs lstm/L/pid_cqr,XM,tirex2/ZS/42/cqr_static,lstm/L/42/pid_cqr,-0.07426179381678472,0.9,0.6,0.07278202950023371,-3.085616290972722,10,0.25291308114924477,0.2
XM tirex2/ZS/cqr_static vs arma_monthly/L/dtaci_cqr,XM,tirex2/ZS/42/cqr_static,arma_monthly/L/42/dtaci_cqr,-0.06656813174115879,0.9,0.5,0.09731365579752638,-2.5853824780431895,10,0.29784108883365323,0.1
XM tirex2/ZS/cqr_static vs arma/L/dtaci_cqr,XM,tirex2/ZS/42/cqr_static,arma/L/42/dtaci_cqr,-0.07356152832373991,0.9,0.6,0.07329230931192443,-2.4996007450690705,10,0.25450979782570926,0.1
XM tirex2_cov/ZS/native vs lgbm/G/decay_ocp_cqr,XM,tirex2_cov/ZS/42/native,lgbm/G/42/decay_ocp_cqr,-0.027438556385871428,0.8,0.3,0.45516219474322883,-3.087741288168578,10,0.686719441690621,0.2
XM tirex2_cov/ZS/native vs tirex/ZS/native,XM,tirex2_cov/ZS/42/native,tirex/ZS/42/native,-0.01543234887199184,0.8,0.2,0.3778116977478194,-1.5378740236029744,10,0.6358227282654032,0.2
XM tirex2_cov/ZS/native vs lstm_const/G/agaci_cqr,XM,tirex2_cov/ZS/42/native,lstm_const/G/43/agaci_cqr,-0.03100598322263797,1.0,0.3,0.4799477969269035,-2.4425072837950355,10,0.7051650115759303,0.3
XM tirex2_cov/ZS/native vs lgbm_const/G/cqr_rolling,XM,tirex2_cov/ZS/42/native,lgbm_const/G/42/cqr_rolling,-0.055639446050905726,1.0,0.4,0.19716585798425523,-3.1671359789888407,10,0.4578569469556349,0.3
XM tirex2_cov/ZS/native vs xlstm/L/native,XM,tirex2_cov/ZS/42/native,xlstm/L/44/native,-0.06036261007395378,1.0,0.3,0.1768265271416255,-3.2101630223444135,10,0.4350749974887713,0.2
XM tirex2_cov/ZS/native vs rw/L/aci_cqr,XM,tirex2_cov/ZS/42/native,rw/L/42/aci_cqr,-0.0427845920692832,0.9,0.4,0.285113916213072,-2.6470647009109305,10,0.5598353947648855,0.1
XM tirex2_cov/ZS/native vs xlstm_const/L/spci_cqr,XM,tirex2_cov/ZS/42/native,xlstm_const/L/42/spci_cqr,-0.1108691144475884,0.9,0.7,0.04387925053222086,-4.1586086519800425,10,0.19632343136940406,0.4
XM tirex2_cov/ZS/native vs lstm/L/pid_cqr,XM,tirex2_cov/ZS/42/native,lstm/L/42/pid_cqr,-0.07254650977527215,1.0,0.7,0.06807193872780615,-3.7675216983397566,10,0.24918675983268496,0.1
XM tirex2_cov/ZS/native vs arma_monthly/L/dtaci_cqr,XM,tirex2_cov/ZS/42/native,arma_monthly/L/42/dtaci_cqr,-0.06217977837352309,0.9,0.5,0.10207175517081402,-3.2230221160167076,10,0.30813112504620094,0.1
XM tirex2_cov/ZS/native vs arma/L/dtaci_cqr,XM,tirex2_cov/ZS/42/native,arma/L/42/dtaci_cqr,-0.07448341646309908,0.9,0.7,0.05365352716632288,-3.0870003335845704,10,0.2173757807348658,0.1
XM lgbm/G/decay_ocp_cqr vs tirex/ZS/native,XM,lgbm/G/42/decay_ocp_cqr,tirex/ZS/42/native,0.012998018693847306,0.2,0.4,0.41062252301361746,1.6854015083297913,10,0.6550426924200139,0.2
XM lgbm/G/decay_ocp_cqr vs lstm_const/G/agaci_cqr,XM,lgbm/G/42/decay_ocp_cqr,lstm_const/G/43/agaci_cqr,-0.004830598356238501,0.5,0.2,0.4863493854896054,0.13596664898955865,10,0.712008937823292,0.0
XM lgbm/G/decay_ocp_cqr vs lgbm_const/G/cqr_rolling,XM,lgbm/G/42/decay_ocp_cqr,lgbm_const/G/42/cqr_rolling,-0.028200889665034288,0.9,0.3,0.3758757327649934,-1.5764784266558072,10,0.6353952861015698,0.0
XM lgbm/G/decay_ocp_cqr vs xlstm/L/native,XM,lgbm/G/42/decay_ocp_cqr,xlstm/L/44/native,-0.03703535445464842,0.9,0.0,0.37420722260213823,-1.8699517990756949,10,0.6350752489421956,0.0
XM lgbm/G/decay_ocp_cqr vs rw/L/aci_cqr,XM,lgbm/G/42/decay_ocp_cqr,rw/L/42/aci_cqr,-0.01397672451667225,0.6,0.4,0.4465484673311356,-0.31923391219071573,10,0.6798200309363696,0.2
XM lgbm/G/decay_ocp_cqr vs xlstm_const/L/spci_cqr,XM,lgbm/G/42/decay_ocp_cqr,xlstm_const/L/42/spci_cqr,-0.09000129147490649,0.7,0.6,0.08061060829046873,-2.918756258280536,10,0.26974706569637386,0.2
XM lgbm/G/decay_ocp_cqr vs lstm/L/pid_cqr,XM,lgbm/G/42/decay_ocp_cqr,lstm/L/42/pid_cqr,-0.040465254915407825,0.8,0.2,0.2350461072468294,-1.7843869918704358,10,0.5053819551848343,0.0
XM lgbm/G/decay_ocp_cqr vs arma_monthly/L/dtaci_cqr,XM,lgbm/G/42/decay_ocp_cqr,arma_monthly/L/42/dtaci_cqr,-0.025102981609408936,0.8,0.3,0.1552957784722817,-1.3702215237165813,10,0.40242964920060953,0.3
XM lgbm/G/decay_ocp_cqr vs arma/L/dtaci_cqr,XM,lgbm/G/42/decay_ocp_cqr,arma/L/42/dtaci_cqr,-0.03091853305092085,0.8,0.4,0.1372895976019043,-1.3794505363125051,10,0.36996686570824655,0.3
XM tirex/ZS/native vs lstm_const/G/agaci_cqr,XM,tirex/ZS/42/native,lstm_const/G/43/agaci_cqr,-0.029687853612432723,0.7,0.2,0.37372552599945796,-1.5996308480393064,10,0.6345985286734863,0.1
XM tirex/ZS/native vs lgbm_const/G/cqr_rolling,XM,tirex/ZS/42/native,lgbm_const/G/42/cqr_rolling,-0.061678502032573676,0.8,0.4,0.2760981363629218,-2.303061001589813,10,0.5271344259081953,0.2
XM tirex/ZS/native vs xlstm/L/native,XM,tirex/ZS/42/native,xlstm/L/44/native,-0.058010193690856485,0.8,0.4,0.2523315308783213,-2.3872992242179287,10,0.49405449032603904,0.3
XM tirex/ZS/native vs rw/L/aci_cqr,XM,tirex/ZS/42/native,rw/L/42/aci_cqr,-0.022162234182261813,0.9,0.1,0.608886666222559,-1.690345325180316,10,0.7887836127507808,0.1
XM tirex/ZS/native vs xlstm_const/L/spci_cqr,XM,tirex/ZS/42/native,xlstm_const/L/42/spci_cqr,-0.10101116922917988,1.0,0.6,0.07777584822562411,-3.2604012539607514,10,0.26323706494188576,0.2
XM tirex/ZS/native vs lstm/L/pid_cqr,XM,tirex/ZS/42/native,lstm/L/42/pid_cqr,-0.06637565162028428,1.0,0.3,0.2149309358791045,-2.8839362676044686,10,0.48308553233242996,0.1
XM tirex/ZS/native vs arma_monthly/L/dtaci_cqr,XM,tirex/ZS/42/native,arma_monthly/L/42/dtaci_cqr,-0.04674742950153127,0.9,0.3,0.26302902825746743,-2.408412837863063,10,0.529446245239123,0.1
XM tirex/ZS/native vs arma/L/dtaci_cqr,XM,tirex/ZS/42/native,arma/L/42/dtaci_cqr,-0.06178076578530381,1.0,0.3,0.24921198618827334,-2.3491322759117295,10,0.5195918315166119,0.1
XM lstm_const/G/agaci_cqr vs lgbm_const/G/cqr_rolling,XM,lstm_const/G/43/agaci_cqr,lgbm_const/G/42/cqr_rolling,-0.02093289460438246,0.8,0.2,0.5382847816418064,-1.4898650100431077,10,0.743938954595341,0.1
XM lstm_const/G/agaci_cqr vs xlstm/L/native,XM,lstm_const/G/43/agaci_cqr,xlstm/L/44/native,-0.038340318525127516,0.7,0.2,0.37409836767254645,-1.5132209713785747,10,0.6319071389268396,0.0
XM lstm_const/G/agaci_cqr vs rw/L/aci_cqr,XM,lstm_const/G/43/agaci_cqr,rw/L/42/aci_cqr,-0.005130328607927949,0.6,0.1,0.44277699779046487,-0.614516072104251,10,0.683636674179727,0.0
XM lstm_const/G/agaci_cqr vs xlstm_const/L/spci_cqr,XM,lstm_const/G/43/agaci_cqr,xlstm_const/L/42/spci_cqr,-0.08026464261462674,0.8,0.5,0.1302152950915194,-2.429638362681189,10,0.3523545730645433,0.2
XM lstm_const/G/agaci_cqr vs lstm/L/pid_cqr,XM,lstm_const/G/43/agaci_cqr,lstm/L/42/pid_cqr,-0.04061713918137972,0.9,0.3,0.23657475051835375,-2.1618660423969374,10,0.504036162897989,0.0
XM lstm_const/G/agaci_cqr vs arma_monthly/L/dtaci_cqr,XM,lstm_const/G/43/agaci_cqr,arma_monthly/L/42/dtaci_cqr,-0.01826488357376225,0.6,0.3,0.39567461284149763,-1.739411854771929,10,0.6429490102981897,0.2
XM lstm_const/G/agaci_cqr vs arma/L/dtaci_cqr,XM,lstm_const/G/43/agaci_cqr,arma/L/42/dtaci_cqr,-0.025636684162372504,0.6,0.3,0.3907436578287272,-1.7215181832307935,10,0.6486867338179392,0.2
XM lgbm_const/G/cqr_rolling vs xlstm/L/native,XM,lgbm_const/G/42/cqr_rolling,xlstm/L/44/native,-0.001661619061150795,0.5,0.0,0.687523924637217,-0.33959856157289203,10,0.8285282841053323,0.0
XM lgbm_const/G/cqr_rolling vs rw/L/aci_cqr,XM,lgbm_const/G/42/cqr_rolling,rw/L/42/aci_cqr,0.018549876396559528,0.3,0.4,0.26270978578941295,1.3361866000658245,10,0.5300307025466541,0.2
XM lgbm_const/G/cqr_rolling vs xlstm_const/L/spci_cqr,XM,lgbm_const/G/42/cqr_rolling,xlstm_const/L/42/spci_cqr,-0.05846075197184781,0.7,0.4,0.14010938120899874,-1.2304419082025355,10,0.37976195128074886,0.2
XM lgbm_const/G/cqr_rolling vs lstm/L/pid_cqr,XM,lgbm_const/G/42/cqr_rolling,lstm/L/42/pid_cqr,-0.023807355364673922,0.6,0.3,0.3371666959213332,-0.1737477763022585,10,0.6033233988037565,0.0
XM lgbm_const/G/cqr_rolling vs arma_monthly/L/dtaci_cqr,XM,lgbm_const/G/42/cqr_rolling,arma_monthly/L/42/dtaci_cqr,0.0008057232069767872,0.4,0.5,0.1881558485952689,0.1481352709757139,10,0.4196330713704782,0.2
XM lgbm_const/G/cqr_rolling vs arma/L/dtaci_cqr,XM,lgbm_const/G/42/cqr_rolling,arma/L/42/dtaci_cqr,-0.0019772314633593247,0.5,0.4,0.26597064975154006,0.040102078788566496,10,0.4893777897311191,0.2
XM xlstm/L/native vs rw/L/aci_cqr,XM,xlstm/L/44/native,rw/L/42/aci_cqr,0.016002373786523374,0.2,0.2,0.40742446878203886,1.4777698504017365,10,0.6564162589463247,0.2
XM xlstm/L/native vs xlstm_const/L/spci_cqr,XM,xlstm/L/44/native,xlstm_const/L/42/spci_cqr,-0.04498911647789733,0.6,0.4,0.14806913712848624,-1.0992902674271083,10,0.3866776983025944,0.1
XM xlstm/L/native vs lstm/L/pid_cqr,XM,xlstm/L/44/native,lstm/L/42/pid_cqr,0.004957524970971421,0.4,0.2,0.5930648215971768,0.08810002539339769,10,0.7763632165355969,0.0
XM xlstm/L/native vs arma_monthly/L/dtaci_cqr,XM,xlstm/L/44/native,arma_monthly/L/42/dtaci_cqr,-0.005036051849156337,0.6,0.3,0.5285638293586314,0.3815481781909157,10,0.721757743405595,0.1
XM xlstm/L/native vs arma/L/dtaci_cqr,XM,xlstm/L/44/native,arma/L/42/dtaci_cqr,-0.009119256630498802,0.6,0.3,0.4200465224082641,0.2835184822458864,10,0.6639958516591646,0.2
XM rw/L/aci_cqr vs xlstm_const/L/spci_cqr,XM,rw/L/42/aci_cqr,xlstm_const/L/42/spci_cqr,-0.06637563006313695,0.8,0.4,0.13559747788066157,-2.1989985371347442,10,0.3727904807805372,0.3
XM rw/L/aci_cqr vs lstm/L/pid_cqr,XM,rw/L/42/aci_cqr,lstm/L/42/pid_cqr,-0.03329179037849513,0.6,0.1,0.3695278170108858,-1.4818973020738846,10,0.6293744081085382,0.1
XM rw/L/aci_cqr vs arma_monthly/L/dtaci_cqr,XM,rw/L/42/aci_cqr,arma_monthly/L/42/dtaci_cqr,-0.01821167254148951,0.8,0.2,0.5505178402605541,-2.0587941309100786,10,0.7491770616577993,0.1
XM rw/L/aci_cqr vs arma/L/dtaci_cqr,XM,rw/L/42/aci_cqr,arma/L/42/dtaci_cqr,-0.02594558686191,0.8,0.2,0.4833259526880791,-2.097213037867758,10,0.7076578585916093,0.0
XM xlstm_const/L/spci_cqr vs lstm/L/pid_cqr,XM,xlstm_const/L/42/spci_cqr,lstm/L/42/pid_cqr,0.03136445425032065,0.2,0.2,0.3919538993030174,1.1365327650943216,10,0.6515982117633206,0.0
XM xlstm_const/L/spci_cqr vs arma_monthly/L/dtaci_cqr,XM,xlstm_const/L/42/spci_cqr,arma_monthly/L/42/dtaci_cqr,0.05198486127419794,0.3,0.5,0.16493670529830573,1.2394398131396926,10,0.39234912957630413,0.2
XM xlstm_const/L/spci_cqr vs arma/L/dtaci_cqr,XM,xlstm_const/L/42/spci_cqr,arma/L/42/dtaci_cqr,0.039230403443876065,0.3,0.5,0.18718604055541077,1.1200608097222624,10,0.41163880069200226,0.2
XM lstm/L/pid_cqr vs arma_monthly/L/dtaci_cqr,XM,lstm/L/42/pid_cqr,arma_monthly/L/42/dtaci_cqr,0.008702120204675031,0.4,0.3,0.4495631335579682,0.3715986110723995,10,0.6868344991433815,0.1
XM lstm/L/pid_cqr vs arma/L/dtaci_cqr,XM,lstm/L/42/pid_cqr,arma/L/42/dtaci_cqr,-0.0038029137733507612,0.5,0.2,0.3710114851416211,0.2457142928715737,10,0.6308822544044469,0.1
XM arma_monthly/L/dtaci_cqr vs arma/L/dtaci_cqr,XM,arma_monthly/L/42/dtaci_cqr,arma/L/42/dtaci_cqr,-0.002800757650758829,0.5,0.0,0.34912586447876837,-0.5923392616127984,10,0.6148411607877751,0.0
