country,model,regime,seed,cp_method,mcs_pval,in_mcs
AT,xlstm,GI,42,native,0.018,False
AT,arma,L,42,dtaci_cqr,0.366,True
AT,arma_monthly,L,42,dtaci_cqr,0.366,True
AT,lgbm,G,42,decay_ocp_cqr,0.366,True
AT,lgbm,GI,42,cqr_rolling,0.366,True
AT,lgbm,L,42,native,0.366,True
AT,lgbm_const,G,42,cqr_rolling,0.366,True
AT,lgbm_const,L,42,aci_cqr,0.366,True
AT,lstm,G,43,pid_cqr,0.366,True
AT,lstm,GF,43,pid_cqr,0.366,True
AT,lstm,GI,44,pid_local_cqr,0.366,True
AT,lstm,L,42,pid_cqr,0.366,True
AT,lstm_const,G,43,agaci_cqr,0.366,True
AT,lstm_const,GF,43,agaci_cqr,0.366,True
AT,lstm_const,L,44,aci_cqr,0.366,True
AT,rw,L,42,aci_cqr,0.366,True
AT,rw,L,42,native,0.366,True
AT,tirex,ZS,42,native,0.366,True
AT,tirex2,ZS,42,cqr_static,0.366,True
AT,tirex2_cov,ZS,42,native,0.366,True
AT,xlstm,G,43,pid_cqr,0.366,True
AT,xlstm,GF,43,cqr_rolling,0.366,True
AT,xlstm,L,44,native,0.366,True
AT,xlstm_const,G,44,pid_cqr,0.366,True
AT,xlstm_const,GF,43,dtaci_cqr,0.366,True
AT,xlstm_const,L,42,spci_cqr,0.366,True
BE,xlstm,GI,42,native,0.026,False
BE,xlstm,GF,43,cqr_rolling,0.026,False
BE,xlstm,G,43,pid_cqr,0.034,False
BE,rw,L,42,native,0.071,False
BE,arma,L,42,dtaci_cqr,0.326,True
BE,arma_monthly,L,42,dtaci_cqr,0.326,True
BE,lgbm,G,42,decay_ocp_cqr,0.326,True
BE,lgbm,GI,42,cqr_rolling,0.326,True
BE,lgbm,L,42,native,0.326,True
BE,lgbm_const,G,42,cqr_rolling,0.326,True
BE,lgbm_const,L,42,aci_cqr,0.326,True
BE,lstm,G,43,pid_cqr,0.326,True
BE,lstm,GF,43,pid_cqr,0.326,True
BE,lstm,GI,44,pid_local_cqr,0.326,True
BE,lstm,L,42,pid_cqr,0.326,True
BE,lstm_const,G,43,agaci_cqr,0.326,True
BE,lstm_const,GF,43,agaci_cqr,0.326,True
BE,lstm_const,L,44,aci_cqr,0.326,True
BE,rw,L,42,aci_cqr,0.326,True
BE,tirex,ZS,42,native,0.326,True
BE,tirex2,ZS,42,cqr_static,0.326,True
BE,tirex2_cov,ZS,42,native,0.326,True
BE,xlstm,L,44,native,0.326,True
BE,xlstm_const,G,44,pid_cqr,0.326,True
BE,xlstm_const,GF,43,dtaci_cqr,0.326,True
BE,xlstm_const,L,42,spci_cqr,0.326,True
ES,xlstm,GI,42,native,0.0,False
ES,rw,L,42,native,0.023,False
ES,arma,L,42,dtaci_cqr,0.121,True
ES,arma_monthly,L,42,dtaci_cqr,0.121,True
ES,lgbm,G,42,decay_ocp_cqr,0.121,True
ES,lgbm,GI,42,cqr_rolling,0.121,True
ES,lgbm,L,42,native,0.121,True
ES,lgbm_const,G,42,cqr_rolling,0.121,True
ES,lgbm_const,L,42,aci_cqr,0.121,True
ES,lstm,G,43,pid_cqr,0.121,True
ES,lstm,GF,43,pid_cqr,0.121,True
ES,lstm,GI,44,pid_local_cqr,0.121,True
ES,lstm,L,42,pid_cqr,0.121,True
ES,lstm_const,G,43,agaci_cqr,0.121,True
ES,lstm_const,GF,43,agaci_cqr,0.121,True
ES,lstm_const,L,44,aci_cqr,0.121,True
ES,rw,L,42,aci_cqr,0.121,True
ES,tirex,ZS,42,native,0.121,True
ES,tirex2,ZS,42,cqr_static,0.121,True
ES,tirex2_cov,ZS,42,native,0.121,True
ES,xlstm,G,43,pid_cqr,0.121,True
ES,xlstm,GF,43,cqr_rolling,0.121,True
ES,xlstm,L,44,native,0.121,True
ES,xlstm_const,G,44,pid_cqr,0.121,True
ES,xlstm_const,GF,43,dtaci_cqr,0.121,True
ES,xlstm_const,L,42,spci_cqr,0.121,True
FI,arma,L,42,dtaci_cqr,0.103,True
FI,arma_monthly,L,42,dtaci_cqr,0.103,True
FI,lgbm,G,42,decay_ocp_cqr,0.103,True
FI,lgbm,GI,42,cqr_rolling,0.103,True
FI,lgbm,L,42,native,0.103,True
FI,lgbm_const,G,42,cqr_rolling,0.103,True
FI,lgbm_const,L,42,aci_cqr,0.103,True
FI,lstm,G,43,pid_cqr,0.103,True
FI,lstm,GF,43,pid_cqr,0.103,True
FI,lstm,GI,44,pid_local_cqr,0.103,True
FI,lstm,L,42,pid_cqr,0.103,True
FI,lstm_const,G,43,agaci_cqr,0.103,True
FI,lstm_const,GF,43,agaci_cqr,0.103,True
FI,lstm_const,L,44,aci_cqr,0.103,True
FI,rw,L,42,aci_cqr,0.103,True
FI,rw,L,42,native,0.103,True
FI,tirex,ZS,42,native,0.103,True
FI,tirex2,ZS,42,cqr_static,0.103,True
FI,tirex2_cov,ZS,42,native,0.103,True
FI,xlstm,G,43,pid_cqr,0.103,True
FI,xlstm,GF,43,cqr_rolling,0.103,True
FI,xlstm,GI,42,native,0.103,True
FI,xlstm,L,44,native,0.103,True
FI,xlstm_const,G,44,pid_cqr,0.103,True
FI,xlstm_const,GF,43,dtaci_cqr,0.103,True
FI,xlstm_const,L,42,spci_cqr,0.103,True
FR,arma,L,42,dtaci_cqr,0.195,True
FR,arma_monthly,L,42,dtaci_cqr,0.195,True
FR,lgbm,G,42,decay_ocp_cqr,0.195,True
FR,lgbm,GI,42,cqr_rolling,0.195,True
FR,lgbm,L,42,native,0.195,True
FR,lgbm_const,G,42,cqr_rolling,0.195,True
FR,lgbm_const,L,42,aci_cqr,0.195,True
FR,lstm,G,43,pid_cqr,0.195,True
FR,lstm,GF,43,pid_cqr,0.195,True
FR,lstm,GI,44,pid_local_cqr,0.195,True
FR,lstm,L,42,pid_cqr,0.195,True
FR,lstm_const,G,43,agaci_cqr,0.195,True
FR,lstm_const,GF,43,agaci_cqr,0.195,True
FR,lstm_const,L,44,aci_cqr,0.195,True
FR,rw,L,42,aci_cqr,0.195,True
FR,rw,L,42,native,0.195,True
FR,tirex,ZS,42,native,0.195,True
FR,tirex2,ZS,42,cqr_static,0.195,True
FR,tirex2_cov,ZS,42,native,0.195,True
FR,xlstm,G,43,pid_cqr,0.195,True
FR,xlstm,GF,43,cqr_rolling,0.195,True
FR,xlstm,GI,42,native,0.195,True
FR,xlstm,L,44,native,0.195,True
FR,xlstm_const,G,44,pid_cqr,0.195,True
FR,xlstm_const,GF,43,dtaci_cqr,0.195,True
FR,xlstm_const,L,42,spci_cqr,0.195,True
GR,rw,L,42,native,0.005,False
GR,lstm,G,43,pid_cqr,0.095,False
GR,arma,L,42,dtaci_cqr,0.189,True
GR,arma_monthly,L,42,dtaci_cqr,0.189,True
GR,lgbm,G,42,decay_ocp_cqr,0.189,True
GR,lgbm,GI,42,cqr_rolling,0.189,True
GR,lgbm,L,42,native,0.189,True
GR,lgbm_const,G,42,cqr_rolling,0.189,True
GR,lgbm_const,L,42,aci_cqr,0.189,True
GR,lstm,GF,43,pid_cqr,0.189,True
GR,lstm,GI,44,pid_local_cqr,0.189,True
GR,lstm,L,42,pid_cqr,0.189,True
GR,lstm_const,G,43,agaci_cqr,0.189,True
GR,lstm_const,GF,43,agaci_cqr,0.189,True
GR,lstm_const,L,44,aci_cqr,0.189,True
GR,rw,L,42,aci_cqr,0.189,True
GR,tirex,ZS,42,native,0.189,True
GR,tirex2,ZS,42,cqr_static,0.189,True
GR,tirex2_cov,ZS,42,native,0.189,True
GR,xlstm,G,43,pid_cqr,0.189,True
GR,xlstm,GF,43,cqr_rolling,0.189,True
GR,xlstm,GI,42,native,0.189,True
GR,xlstm,L,44,native,0.189,True
GR,xlstm_const,G,44,pid_cqr,0.189,True
GR,xlstm_const,GF,43,dtaci_cqr,0.189,True
GR,xlstm_const,L,42,spci_cqr,0.189,True
IE,rw,L,42,native,0.0,False
IE,lstm,GF,43,pid_cqr,0.0,False
IE,lstm,G,43,pid_cqr,0.0,False
IE,xlstm,GI,42,native,0.002,False
IE,xlstm,GF,43,cqr_rolling,0.003,False
IE,xlstm,G,43,pid_cqr,0.028,False
IE,lstm,GI,44,pid_local_cqr,0.028,False
IE,lgbm,GI,42,cqr_rolling,0.028,False
IE,arma,L,42,dtaci_cqr,0.118,True
IE,arma_monthly,L,42,dtaci_cqr,0.118,True
IE,lgbm,G,42,decay_ocp_cqr,0.118,True
IE,lgbm,L,42,native,0.118,True
IE,lgbm_const,G,42,cqr_rolling,0.118,True
IE,lgbm_const,L,42,aci_cqr,0.118,True
IE,lstm,L,42,pid_cqr,0.118,True
IE,lstm_const,G,43,agaci_cqr,0.118,True
IE,lstm_const,GF,43,agaci_cqr,0.118,True
IE,lstm_const,L,44,aci_cqr,0.118,True
IE,rw,L,42,aci_cqr,0.118,True
IE,tirex,ZS,42,native,0.118,True
IE,tirex2,ZS,42,cqr_static,0.118,True
IE,tirex2_cov,ZS,42,native,0.118,True
IE,xlstm,L,44,native,0.118,True
IE,xlstm_const,G,44,pid_cqr,0.118,True
IE,xlstm_const,GF,43,dtaci_cqr,0.118,True
IE,xlstm_const,L,42,spci_cqr,0.118,True
IT,lgbm_const,L,42,aci_cqr,0.021,False
IT,arma,L,42,dtaci_cqr,0.297,True
IT,arma_monthly,L,42,dtaci_cqr,0.297,True
IT,lgbm,G,42,decay_ocp_cqr,0.297,True
IT,lgbm,GI,42,cqr_rolling,0.297,True
IT,lgbm,L,42,native,0.297,True
IT,lgbm_const,G,42,cqr_rolling,0.297,True
IT,lstm,G,43,pid_cqr,0.297,True
IT,lstm,GF,43,pid_cqr,0.297,True
IT,lstm,GI,44,pid_local_cqr,0.297,True
IT,lstm,L,42,pid_cqr,0.297,True
IT,lstm_const,G,43,agaci_cqr,0.297,True
IT,lstm_const,GF,43,agaci_cqr,0.297,True
IT,lstm_const,L,44,aci_cqr,0.297,True
IT,rw,L,42,aci_cqr,0.297,True
IT,rw,L,42,native,0.297,True
IT,tirex,ZS,42,native,0.297,True
IT,tirex2,ZS,42,cqr_static,0.297,True
IT,tirex2_cov,ZS,42,native,0.297,True
IT,xlstm,G,43,pid_cqr,0.297,True
IT,xlstm,GF,43,cqr_rolling,0.297,True
IT,xlstm,GI,42,native,0.297,True
IT,xlstm,L,44,native,0.297,True
IT,xlstm_const,G,44,pid_cqr,0.297,True
IT,xlstm_const,GF,43,dtaci_cqr,0.297,True
IT,xlstm_const,L,42,spci_cqr,0.297,True
NL,arma_monthly,L,42,dtaci_cqr,0.042,False
NL,arma,L,42,dtaci_cqr,0.094,False
NL,lgbm,G,42,decay_ocp_cqr,0.406,True
NL,lgbm,GI,42,cqr_rolling,0.406,True
NL,lgbm,L,42,native,0.406,True
NL,lgbm_const,G,42,cqr_rolling,0.406,True
NL,lgbm_const,L,42,aci_cqr,0.406,True
NL,lstm,G,43,pid_cqr,0.406,True
NL,lstm,GF,43,pid_cqr,0.406,True
NL,lstm,GI,44,pid_local_cqr,0.406,True
NL,lstm,L,42,pid_cqr,0.406,True
NL,lstm_const,G,43,agaci_cqr,0.406,True
NL,lstm_const,GF,43,agaci_cqr,0.406,True
NL,lstm_const,L,44,aci_cqr,0.406,True
NL,rw,L,42,aci_cqr,0.406,True
NL,rw,L,42,native,0.406,True
NL,tirex,ZS,42,native,0.406,True
NL,tirex2,ZS,42,cqr_static,0.406,True
NL,tirex2_cov,ZS,42,native,0.406,True
NL,xlstm,G,43,pid_cqr,0.406,True
NL,xlstm,GF,43,cqr_rolling,0.406,True
NL,xlstm,GI,42,native,0.406,True
NL,xlstm,L,44,native,0.406,True
NL,xlstm_const,G,44,pid_cqr,0.406,True
NL,xlstm_const,GF,43,dtaci_cqr,0.406,True
NL,xlstm_const,L,42,spci_cqr,0.406,True
PT,rw,L,42,native,0.0,False
PT,xlstm,GI,42,native,0.077,False
PT,arma,L,42,dtaci_cqr,0.121,True
PT,arma_monthly,L,42,dtaci_cqr,0.121,True
PT,lgbm,G,42,decay_ocp_cqr,0.121,True
PT,lgbm,GI,42,cqr_rolling,0.121,True
PT,lgbm,L,42,native,0.121,True
PT,lgbm_const,G,42,cqr_rolling,0.121,True
PT,lgbm_const,L,42,aci_cqr,0.121,True
PT,lstm,G,43,pid_cqr,0.121,True
PT,lstm,GF,43,pid_cqr,0.121,True
PT,lstm,GI,44,pid_local_cqr,0.121,True
PT,lstm,L,42,pid_cqr,0.121,True
PT,lstm_const,G,43,agaci_cqr,0.121,True
PT,lstm_const,GF,43,agaci_cqr,0.121,True
PT,lstm_const,L,44,aci_cqr,0.121,True
PT,rw,L,42,aci_cqr,0.121,True
PT,tirex,ZS,42,native,0.121,True
PT,tirex2,ZS,42,cqr_static,0.121,True
PT,tirex2_cov,ZS,42,native,0.121,True
PT,xlstm,G,43,pid_cqr,0.121,True
PT,xlstm,GF,43,cqr_rolling,0.121,True
PT,xlstm,L,44,native,0.121,True
PT,xlstm_const,G,44,pid_cqr,0.121,True
PT,xlstm_const,GF,43,dtaci_cqr,0.121,True
PT,xlstm_const,L,42,spci_cqr,0.121,True
